,Username,Id
0,AuschwitzMuseum,586291040
1,kariskogland,359740874
2,Ritu_Arya_,916876184
3,khealth,1008707439133413376
4,heyitsjustin,68299162
5,rachelzegler,3232062559
6,beauflynn,16726450
7,iamrashidajones,562381032
8,TelevisionAcad,31634255
9,samsmith,457554412
10,natasharothwell,8363752
11,WillieGeist,17291393
12,octaviaspencer,74755679
13,joshgad,40100270
14,JLo,85603854
15,batemanjason,142157505
16,TIME,14293310
17,JeremyRenner,2715115656
18,FallonTonight,19777398
19,Zendaya,154280902
20,danielsilvabook,76317752
21,tuany_nasciment,1017197459880271878
22,MySistahHouse,1267491814669537281
23,GirlsOnIceDET,796737264869146624
24,FSinHarlem,176531492
25,TheAmandaGorman,2569743630
26,VP,803694179079458816
27,yurimilner,1034256778114949120
28,Tiffany_Smith,34145873
29,MayaRudolph,1391259187
30,LKalogridis,1315413233780633603
31,Cure4Carmela,959163947084640256
32,snydercut,1261435037288783872
33,HansZimmer,407137170
34,DOTNMovie,2747270556
35,LillyAspell,4891775200
36,RobinRoberts,267921808
37,jamiegangel,21894812
38,HamillHimself,304679484
39,MarkRuffalo,47285504
40,MarkRuffalo,47285504
41,mang0ld,48459821
42,TaikaWaititi,95610041
43,LoreneScafaria,224294849
44,Almaharel,271248939
45,smrtgrls,113439399
46,GeenaDavisOrg,319387069
47,AkivaGoldsman,55496535
48,smartwater,155939841
49,rustyrockets,19562228
0,GarciaCompanies,1019299260947312640
1,nowthisnews,701725963
2,thisfahiemah,127684464
3,carlquintanilla,114782468
4,spiritsbusiness,247289875
5,coach_cristobal,1375007264
6,DonaldMustard,27280073
7,jimfarley98,1106321031566893057
8,Chloe_Melas,83851167
9,johnkrasinski,17844280
10,MLB,18479513
11,getFANDOM,1332121
12,VanityFair,15279429
13,Tyson_Fury,224659331
14,consequence,15553222
15,yomicoart,36590832
16,AdamSchefter,51263592
17,WhoresofYore,3816567737
18,coreysbagels,27042710
19,PDergarabedian,61644311
20,precor,127995891
21,BleacherReport,890891
22,NateDiaz209,52181976
23,jonmchu,15419652
24,SaskiaPopescu,26117944
25,YahooFinance,19546277
26,POLITICOMag,1548489476
27,undertaker,1063214271843061760
28,danawhite,21586418
29,joethomas73,114188882
30,HCAcritics,797998617491476480
31,ulilatukefu,2882917416
32,iJosephAnderson,1125467183067230209
33,StaceyMFLeilua,343074081
34,DrBiden,821784477076750338
35,VP,803694179079458816
36,POTUS,1349149096909668363
37,JeffBezos,15506669
38,CNBC,20402945
39,ZOAenergy,1285898183688818688
40,ReverendWarnock,1221242033530195970
41,polina_marinova,190408726
42,somegoodnews,1241098622969634817
43,JRsBBQ,89556802
44,Varneyco,281610530
45,RobinMeade,145745936
46,rustyrockets,19562228
47,Romarley,25760828
48,60Minutes,18812572
49,tomfriedman,59157393
0,CBCIndigenous,415773647
1,nigelmfs,148428008
2,juliejordanc,21681559
3,karawarner,14200130
4,CTVMcLaughlin,3403461586
5,nathanbarry,16930883
6,mguggenheim,9509672
7,DJD,17595596
8,markcadams,18240645
9,daratreseder,302564720
10,MrAhmednurAli,369307681
11,KPateontheHill,119837685
12,boardroom,1072254151508275200
13,PuckNews,1402444870464200704
14,MattBelloni,12737142
15,octaviaspencer,74755679
16,MattDentler,615513
17,Surgeon_General,455024343
18,MaxWinebach,3239896262
19,CanuckPlace,15726956
20,reneritchie,10194392
21,dionnadorsey,33552949
22,HillyTheFish,87071473
23,petersagal,14985228
24,Cannes_Lions,20139902
25,jordandavies98,2713264096
26,thordiakow,37985315
27,invoker,813512
28,glenpowell,2458776518
29,alfonso_ribeiro,472309814
30,jenniferbeals,607788559
31,PTXofficial,345522684
32,RileyCNBC,19909797
33,robotodd,6351242
34,contessabrewer,16456599
35,jessiwrites,8834882
36,edhelms,57084769
37,oddsmusic,82253588
38,PPI_Insights,1450924489374588928
39,amandalitman,3488471
40,Zaib_Shaikh,384991535
41,tantooC,460777668
42,fnthawar,14354471
43,Onlytakesone20,1222907374702415872
44,Jason_Priestley,61228608
45,EricaEhm,19202060
46,J16H,81752282
47,EricMcCormack,468896332
48,JonathanScott,235157481
49,TarzanDan,258983311
